{
  "accuracy": 0.9864814814814815,
  "macro_f1": 0.9861769018090722,
  "per_class": {
    "AnnualCrop": {
      "precision": 0.9721311475409836,
      "recall": 0.9883333333333333,
      "f1": 0.9801652892561984,
      "support": 600
    },
    "Forest": {
      "precision": 0.9851973684210527,
      "recall": 0.9983333333333333,
      "f1": 0.9917218543046358,
      "support": 600
    },
    "HerbaceousVegetation": {
      "precision": 0.9965635738831615,
      "recall": 0.9666666666666667,
      "f1": 0.9813874788494078,
      "support": 600
    },
    "Highway": {
      "precision": 0.9860834990059643,
      "recall": 0.992,
      "f1": 0.9890329012961117,
      "support": 500
    },
    "Industrial": {
      "precision": 1.0,
      "recall": 0.98,
      "f1": 0.98989898989899,
      "support": 500
    },
    "Pasture": {
      "precision": 0.9824561403508771,
      "recall": 0.98,
      "f1": 0.981226533166458,
      "support": 400
    },
    "PermanentCrop": {
      "precision": 0.9666666666666667,
      "recall": 0.986,
      "f1": 0.9762376237623762,
      "support": 500
    },
    "Residential": {
      "precision": 0.9884678747940692,
      "recall": 1.0,
      "f1": 0.9942004971002486,
      "support": 600
    },
    "River": {
      "precision": 0.9878787878787879,
      "recall": 0.978,
      "f1": 0.9829145728643216,
      "support": 500
    },
    "SeaLake": {
      "precision": 0.9983221476510067,
      "recall": 0.9916666666666667,
      "f1": 0.9949832775919732,
      "support": 600
    }
  }
}