{
  "accuracy": 0.8987037037037037,
  "macro_f1": 0.8943542947806801,
  "per_class": {
    "AnnualCrop": {
      "precision": 0.8931552587646077,
      "recall": 0.8916666666666667,
      "f1": 0.8924103419516264,
      "support": 600
    },
    "Forest": {
      "precision": 0.9784768211920529,
      "recall": 0.985,
      "f1": 0.9817275747508306,
      "support": 600
    },
    "HerbaceousVegetation": {
      "precision": 0.9107438016528926,
      "recall": 0.9183333333333333,
      "f1": 0.9145228215767635,
      "support": 600
    },
    "Highway": {
      "precision": 0.7645687645687645,
      "recall": 0.656,
      "f1": 0.7061356297093649,
      "support": 500
    },
    "Industrial": {
      "precision": 0.8687615526802218,
      "recall": 0.94,
      "f1": 0.9029779058597502,
      "support": 500
    },
    "Pasture": {
      "precision": 0.9063291139240506,
      "recall": 0.895,
      "f1": 0.9006289308176101,
      "support": 400
    },
    "PermanentCrop": {
      "precision": 0.831013916500994,
      "recall": 0.836,
      "f1": 0.8334995014955134,
      "support": 500
    },
    "Residential": {
      "precision": 0.8477564102564102,
      "recall": 0.8816666666666667,
      "f1": 0.8643790849673203,
      "support": 600
    },
    "River": {
      "precision": 0.9466403162055336,
      "recall": 0.958,
      "f1": 0.952286282306163,
      "support": 500
    },
    "SeaLake": {
      "precision": 1.0,
      "recall": 0.99,
      "f1": 0.9949748743718593,
      "support": 600
    }
  }
}