{
  "accuracy": 0.9779629629629629,
  "macro_f1": 0.977595095142803,
  "per_class": {
    "AnnualCrop": {
      "precision": 0.9714765100671141,
      "recall": 0.965,
      "f1": 0.9682274247491639,
      "support": 600
    },
    "Forest": {
      "precision": 0.9724473257698542,
      "recall": 1.0,
      "f1": 0.9860312243221035,
      "support": 600
    },
    "HerbaceousVegetation": {
      "precision": 0.9809688581314879,
      "recall": 0.945,
      "f1": 0.9626485568760611,
      "support": 600
    },
    "Highway": {
      "precision": 0.9800796812749004,
      "recall": 0.984,
      "f1": 0.9820359281437125,
      "support": 500
    },
    "Industrial": {
      "precision": 0.9959349593495935,
      "recall": 0.98,
      "f1": 0.9879032258064516,
      "support": 500
    },
    "Pasture": {
      "precision": 0.9797979797979798,
      "recall": 0.97,
      "f1": 0.9748743718592965,
      "support": 400
    },
    "PermanentCrop": {
      "precision": 0.930635838150289,
      "recall": 0.966,
      "f1": 0.9479882237487733,
      "support": 500
    },
    "Residential": {
      "precision": 0.9867986798679867,
      "recall": 0.9966666666666667,
      "f1": 0.9917081260364843,
      "support": 600
    },
    "River": {
      "precision": 0.9838056680161943,
      "recall": 0.972,
      "f1": 0.9778672032193159,
      "support": 500
    },
    "SeaLake": {
      "precision": 0.9966666666666667,
      "recall": 0.9966666666666667,
      "f1": 0.9966666666666667,
      "support": 600
    }
  }
}