{
  "accuracy": 0.9885185185185185,
  "macro_f1": 0.9882536853220876,
  "per_class": {
    "AnnualCrop": {
      "precision": 0.976897689768977,
      "recall": 0.9866666666666667,
      "f1": 0.9817578772802653,
      "support": 600
    },
    "Forest": {
      "precision": 0.996661101836394,
      "recall": 0.995,
      "f1": 0.9958298582151793,
      "support": 600
    },
    "HerbaceousVegetation": {
      "precision": 0.9883333333333333,
      "recall": 0.9883333333333333,
      "f1": 0.9883333333333333,
      "support": 600
    },
    "Highway": {
      "precision": 0.9840637450199203,
      "recall": 0.988,
      "f1": 0.9860279441117764,
      "support": 500
    },
    "Industrial": {
      "precision": 0.9939879759519038,
      "recall": 0.992,
      "f1": 0.992992992992993,
      "support": 500
    },
    "Pasture": {
      "precision": 0.9924433249370277,
      "recall": 0.985,
      "f1": 0.9887076537013801,
      "support": 400
    },
    "PermanentCrop": {
      "precision": 0.9741035856573705,
      "recall": 0.978,
      "f1": 0.9760479041916168,
      "support": 500
    },
    "Residential": {
      "precision": 0.9983277591973244,
      "recall": 0.995,
      "f1": 0.996661101836394,
      "support": 600
    },
    "River": {
      "precision": 0.9800796812749004,
      "recall": 0.984,
      "f1": 0.9820359281437125,
      "support": 500
    },
    "SeaLake": {
      "precision": 0.9983193277310924,
      "recall": 0.99,
      "f1": 0.994142259414226,
      "support": 600
    }
  }
}