{
  "accuracy": 0.9885185185185185,
  "macro_f1": 0.988255650465329,
  "per_class": {
    "AnnualCrop": {
      "precision": 0.976897689768977,
      "recall": 0.9866666666666667,
      "f1": 0.9817578772802653,
      "support": 600
    },
    "Forest": {
      "precision": 0.996661101836394,
      "recall": 0.995,
      "f1": 0.9958298582151793,
      "support": 600
    },
    "HerbaceousVegetation": {
      "precision": 0.9866888519134775,
      "recall": 0.9883333333333333,
      "f1": 0.9875104079933389,
      "support": 600
    },
    "Highway": {
      "precision": 0.9840319361277445,
      "recall": 0.986,
      "f1": 0.985014985014985,
      "support": 500
    },
    "Industrial": {
      "precision": 0.9959919839679359,
      "recall": 0.994,
      "f1": 0.994994994994995,
      "support": 500
    },
    "Pasture": {
      "precision": 0.9924433249370277,
      "recall": 0.985,
      "f1": 0.9887076537013801,
      "support": 400
    },
    "PermanentCrop": {
      "precision": 0.9741035856573705,
      "recall": 0.978,
      "f1": 0.9760479041916168,
      "support": 500
    },
    "Residential": {
      "precision": 1.0,
      "recall": 0.995,
      "f1": 0.9974937343358395,
      "support": 600
    },
    "River": {
      "precision": 0.9781312127236581,
      "recall": 0.984,
      "f1": 0.9810568295114656,
      "support": 500
    },
    "SeaLake": {
      "precision": 0.9983193277310924,
      "recall": 0.99,
      "f1": 0.994142259414226,
      "support": 600
    }
  }
}